,City,Cloudiness,Country,Date,Humidity,Lat,Lng,Max Temp,Wind Speed
0,rikitea,92.0,PF,1551806480,100.0,-23.12,-134.97,26.23,7.39
1,molchanovo,32.0,RU,1551806482,77.0,57.58,83.76,-8.8,5.24
2,souillac,0.0,FR,1551806475,44.0,45.6,-0.6,16.11,6.2
3,hobart,75.0,AU,1551806476,76.0,-42.88,147.33,12.78,1.5
4,ushuaia,75.0,AR,1551805200,70.0,-54.81,-68.31,10.0,5.1
5,norman wells,5.0,CA,1551801600,84.0,65.28,-126.83,-17.0,1.5
6,tasbuget,,,nan,,,,,
7,bilibino,92.0,RU,1551806495,74.0,68.06,166.44,-20.14,1.09
8,sydney mines,75.0,CA,1551806465,68.0,46.24,-60.22,0.0,11.8
9,lipovtsy,0.0,RU,1551806499,86.0,44.2,131.72,-3.74,2.29
10,busselton,80.0,AU,1551806147,33.0,-33.64,115.35,16.67,10.09
11,cape town,0.0,ZA,1551806252,77.0,-33.93,18.42,21.67,6.2
12,bluff,48.0,AU,1551806505,73.0,-23.58,149.07,24.58,3.79
13,saint-philippe,90.0,CA,1551806442,57.0,45.36,-73.48,-6.67,2.6
14,tura,80.0,IN,1551806525,90.0,25.52,90.21,15.66,1.69
15,punta arenas,20.0,CL,1551805997,46.0,-53.16,-70.91,10.0,14.4
16,kapaa,90.0,US,1551806193,64.0,22.08,-159.32,21.0,8.2
17,bhadrapur,92.0,NP,1551806531,52.0,26.55,88.09,20.83,2.89
18,seoni malwa,0.0,IN,1551806532,56.0,22.45,77.47,15.58,2.24
19,fortuna,20.0,ES,1551806480,77.0,38.18,-1.13,22.0,5.1
20,sakakah,,,nan,,,,,
21,jutai,88.0,BR,1551806533,95.0,-1.71,-47.89,25.14,1.19
22,egvekinot,0.0,RU,1551806534,66.0,66.32,-179.17,-13.99,0.69
23,alofi,56.0,NU,1551801600,83.0,-19.06,-169.92,25.0,5.7
24,barrow,24.0,AR,1551806535,23.0,-38.31,-60.23,26.81,6.04
25,lebu,36.0,ET,1551806536,93.0,8.96,38.73,11.11,1.44
26,petrolina,40.0,BR,1551805200,43.0,-9.38,-40.5,33.0,4.1
27,candido mendes,80.0,BR,1551806539,100.0,-1.45,-45.72,26.56,3.14
28,jamestown,0.0,AU,1551806541,86.0,-33.21,138.6,12.73,5.49
29,berlevag,75.0,NO,1551804600,78.0,70.86,29.09,-8.0,11.8
30,susehri,68.0,TR,1551806541,90.0,40.16,38.09,0.39,0.74
31,meyungs,,,nan,,,,,
32,bathsheba,20.0,BB,1551805200,54.0,13.22,-59.52,29.0,9.8
33,waddan,0.0,LY,1551806542,44.0,29.16,16.14,11.66,1.24
34,shingu,92.0,JP,1551806542,100.0,33.72,135.99,13.39,1.69
35,port elizabeth,1.0,US,1551806539,59.0,39.31,-74.98,2.22,4.1
36,klaksvik,92.0,FO,1551804600,69.0,62.23,-6.59,4.0,2.1
37,kavieng,24.0,PG,1551806545,100.0,-2.57,150.8,28.21,0.89
38,barentsburg,,,nan,,,,,
39,ketchikan,1.0,US,1551804780,63.0,55.34,-131.65,-1.0,2.6
40,mersing,32.0,MY,1551806549,95.0,2.43,103.84,24.96,2.34
41,cabo san lucas,5.0,MX,1551806190,44.0,22.89,-109.91,27.22,3.1
42,boa vista,75.0,BR,1551805200,36.0,2.82,-60.67,34.0,5.7
43,simpang,75.0,MY,1551805200,83.0,4.82,100.71,27.0,1.54
44,marawi,12.0,PH,1551806196,92.0,8.0,124.29,23.89,1.24
45,camabatela,64.0,AO,1551806557,88.0,-8.19,15.37,20.91,1.69
46,lavrentiya,88.0,RU,1551806557,95.0,65.58,-170.99,-2.17,7.59
47,taolanaro,,,nan,,,,,
48,husavik,64.0,CA,1551806406,69.0,50.56,-96.99,-10.57,3.13
49,leningradskiy,92.0,RU,1551806559,93.0,69.38,178.42,-12.05,5.19
50,lorengau,80.0,PG,1551806560,100.0,-2.02,147.27,27.48,1.54
51,jishui,92.0,CN,1551806560,98.0,27.23,115.13,12.11,1.24
52,atuona,92.0,PF,1551806560,100.0,-9.8,-139.03,27.73,7.49
53,victoria,75.0,BN,1551805200,94.0,5.28,115.24,26.67,1.89
54,tsihombe,,,nan,,,,,
55,turbat,0.0,PK,1551806561,71.0,26.0,63.05,13.48,1.54
56,rapar,44.0,IN,1551806347,44.0,23.57,70.65,21.73,2.14
57,albany,75.0,US,1551806404,38.0,42.65,-73.75,-2.22,4.1
58,port blair,8.0,IN,1551806517,100.0,11.67,92.75,27.41,3.34
59,bredasdorp,0.0,ZA,1551806130,68.0,-34.53,20.04,23.33,5.1
60,castro,75.0,CL,1551805200,72.0,-42.48,-73.76,16.0,7.7
61,mataura,44.0,NZ,1551806407,94.0,-46.19,168.86,15.56,4.49
62,mahebourg,20.0,MU,1551806345,78.0,-20.41,57.7,27.0,4.6
63,hithadhoo,92.0,MV,1551806564,100.0,-0.6,73.08,28.41,3.14
64,pochinki,92.0,RU,1551806564,95.0,54.7,44.85,1.96,8.94
65,lachhmangarh,8.0,IN,1551806564,52.0,27.82,75.03,13.21,3.49
66,saldanha,92.0,PT,1551806564,94.0,41.42,-6.55,10.98,6.84
67,kruisfontein,0.0,ZA,1551806565,69.0,-34.0,24.73,20.81,7.04
68,east london,75.0,ZA,1551805200,88.0,-33.02,27.91,21.0,5.1
69,port-gentil,40.0,GA,1551805200,74.0,-0.72,8.78,30.0,5.1
70,yatou,40.0,CM,1551805200,79.0,3.63,9.81,30.0,2.1
71,khandbari,68.0,NP,1551806566,73.0,27.38,87.21,-2.94,0.29
72,hami,24.0,CN,1551806566,39.0,42.84,93.51,3.76,5.49
73,yulara,0.0,AU,1551805200,30.0,-25.24,130.99,28.0,4.6
74,tuktoyaktuk,5.0,CA,1551801600,92.0,69.44,-133.03,-14.0,7.2
75,karpathos,20.0,GR,1551804600,62.0,35.51,27.21,15.0,2.6
76,komsomolskiy,12.0,RU,1551806582,63.0,67.55,63.78,-20.05,5.34
77,new norfolk,75.0,AU,1551806536,76.0,-42.78,147.06,12.78,1.5
78,cedral,0.0,MX,1551806585,62.0,23.82,-100.72,17.66,2.44
79,qaanaaq,32.0,GL,1551806585,75.0,77.48,-69.36,-22.05,3.04
80,boli,44.0,CN,1551806587,53.0,45.76,130.56,-4.44,2.94
81,mys shmidta,,,nan,,,,,
82,grand river south east,,,nan,,,,,
83,san cristobal,75.0,EC,1551806187,49.0,-0.39,-78.55,21.0,2.1
84,kataysk,36.0,RU,1551806594,68.0,56.29,62.58,-11.3,1.44
85,torbay,90.0,CA,1551806238,79.0,47.66,-52.73,-0.57,12.3
86,bengkulu,,,nan,,,,,
87,ambon,90.0,FR,1551806601,87.0,47.55,-2.56,12.22,5.7
88,charlestown,1.0,US,1551806595,49.0,41.38,-71.64,-1.11,6.2
89,vieques,40.0,PR,1551806496,54.0,18.43,-65.83,29.0,9.3
90,srednekolymsk,76.0,RU,1551806606,66.0,67.46,153.71,-22.85,1.24
91,codrington,90.0,AU,1551806458,93.0,-28.95,153.24,19.44,1.04
92,balkhash,8.0,KZ,1551806608,67.0,46.84,74.98,-12.42,1.94
93,waitati,36.0,NZ,1551806549,72.0,-45.75,170.57,18.33,1.34
94,sentyabrskiy,,,nan,,,,,
95,morgan city,1.0,US,1551806314,41.0,29.7,-91.21,7.78,6.7
96,khatanga,44.0,RU,1551806613,69.0,71.98,102.47,-23.42,2.64
97,moerai,32.0,PF,1551806614,100.0,-22.43,-151.33,26.71,3.29
98,loreto,24.0,PY,1551806614,62.0,-23.27,-57.32,34.26,3.44
99,butaritari,92.0,KI,1551806615,100.0,3.07,172.79,25.96,1.39
100,sao filipe,0.0,CV,1551806615,89.0,14.9,-24.5,22.48,7.44
101,dikson,56.0,RU,1551806616,97.0,73.51,80.55,-11.09,6.19
102,puerto ayora,40.0,EC,1551805200,66.0,-0.74,-90.35,29.0,5.1
103,kijang,92.0,KR,1551805200,76.0,35.24,129.21,10.0,1.0
104,cidreira,64.0,BR,1551806624,78.0,-30.17,-50.22,29.91,0.79
105,hasaki,75.0,JP,1551806377,87.0,35.73,140.83,7.0,2.1
106,katsiveli,,,nan,,,,,
107,hermanus,0.0,ZA,1551806165,68.0,-34.42,19.24,23.33,1.79
108,tasiilaq,75.0,GL,1551804600,57.0,65.61,-37.64,-8.0,10.3
109,meulaboh,20.0,ID,1551806654,100.0,4.14,96.13,27.26,2.99
110,sur,0.0,OM,1551806632,100.0,22.57,59.53,20.36,1.64
111,guerrero negro,64.0,MX,1551806655,70.0,27.97,-114.04,19.48,1.84
112,pristen,90.0,RU,1551806106,100.0,51.24,36.69,5.0,6.0
113,marcona,,,nan,,,,,
114,samtredia,0.0,GE,1551805200,61.0,42.16,42.35,9.0,2.1
115,port alfred,48.0,ZA,1551806200,86.0,-33.59,26.89,21.67,3.13
116,tateyama,76.0,JP,1551806425,93.0,36.66,137.31,8.89,1.09
117,clyde river,75.0,CA,1551805200,83.0,70.47,-68.59,-21.0,2.1
118,khandyga,24.0,RU,1551806731,33.0,62.65,135.58,-30.44,1.09
119,carnarvon,0.0,ZA,1551806731,27.0,-30.97,22.13,23.66,2.24
120,vaini,0.0,IN,1551806732,88.0,15.34,74.49,17.23,1.39
121,olot,40.0,UZ,1551805200,57.0,39.42,63.81,11.0,7.2
122,pangnirtung,90.0,CA,1551805200,84.0,66.15,-65.72,-19.0,4.1
123,harnosand,0.0,SE,1551806718,52.0,62.63,17.94,-7.78,2.1
124,nemuro,8.0,JP,1551806733,90.0,43.32,145.57,0.11,6.34
125,arraial do cabo,20.0,BR,1551805200,70.0,-22.97,-42.02,30.0,5.1
126,belmonte,92.0,PT,1551806128,77.0,40.36,-7.35,14.44,6.26
127,san policarpo,100.0,PH,1551806734,92.0,12.18,125.51,25.86,5.49
128,faanui,76.0,PF,1551806734,99.0,-16.48,-151.75,28.96,3.29
129,nadapuram,24.0,IN,1551806734,80.0,11.7,75.65,23.76,0.89
130,pacific grove,90.0,US,1551806420,81.0,36.62,-121.92,11.67,2.1
131,padang,40.0,ID,1551801600,94.0,-0.92,100.36,23.0,2.6
132,makat,44.0,KZ,1551806735,93.0,47.65,53.35,-0.77,3.84
133,anadyr,0.0,RU,1551806597,67.0,64.73,177.51,-6.0,1.0
134,road town,40.0,VG,1551806381,58.0,18.42,-64.62,28.0,6.7
135,hopeman,20.0,GB,1551806705,70.0,57.71,-3.43,6.67,3.1
136,clarence town,8.0,AU,1551806434,78.0,-32.59,151.78,22.78,2.1
137,japura,48.0,ID,1551806736,92.0,-0.42,102.29,23.56,0.99
138,muros,75.0,ES,1551806735,100.0,42.77,-9.06,16.11,11.3
139,salalah,0.0,OM,1551804600,53.0,17.01,54.1,25.0,2.1
140,staryy merchyk,75.0,UA,1551805200,70.0,49.98,35.76,7.0,11.0
141,san vicente,40.0,SV,1551806446,59.0,13.64,-88.78,32.0,4.6
142,mar del plata,32.0,AR,1551806738,41.0,-46.43,-67.52,19.71,11.39
143,belushya guba,,,nan,,,,,
144,sibu,75.0,MY,1551805200,94.0,2.29,111.83,25.0,1.5
145,joensuu,75.0,FI,1551804600,78.0,62.6,29.76,-11.0,4.6
146,praya,76.0,ID,1551806739,100.0,-8.71,116.27,26.66,0.44
147,westport,90.0,IE,1551806525,93.0,53.8,-9.52,9.44,4.6
148,opuwo,68.0,NA,1551806740,22.0,-18.06,13.84,30.31,3.49
149,chuy,8.0,UY,1551806740,93.0,-33.69,-53.46,25.33,3.64
150,dingle,36.0,PH,1551806740,81.0,11.0,122.67,25.26,4.84
151,goderich,56.0,CA,1551806717,80.0,43.74,-81.71,-8.89,8.49
152,pokhara,0.0,NP,1551806534,76.0,28.21,83.99,2.58,0.89
153,zhezkazgan,68.0,KZ,1551806741,80.0,47.8,67.71,-8.09,2.19
154,okhotsk,0.0,RU,1551806742,100.0,59.36,143.24,-14.99,2.99
155,severobaykalsk,8.0,RU,1551806742,53.0,55.65,109.32,-19.05,0.79
156,provideniya,88.0,RU,1551806679,96.0,64.42,-173.23,-3.24,4.29
157,mount isa,75.0,AU,1551805200,64.0,-20.73,139.49,23.0,0.5
158,carballo,75.0,ES,1551806735,93.0,43.21,-8.69,15.56,7.2
159,upernavik,88.0,GL,1551806744,100.0,72.79,-56.15,-10.62,2.69
160,bonfim,12.0,BR,1551806744,69.0,-20.33,-44.24,26.76,2.09
161,yar-sale,56.0,RU,1551806745,81.0,66.83,70.83,-14.67,3.54
162,candelaria,75.0,CO,1551805200,58.0,3.41,-76.35,28.0,2.1
163,port hardy,20.0,CA,1551801600,85.0,50.7,-127.42,-5.0,2.1
164,nizhneyansk,,,nan,,,,,
165,labuhan,76.0,ID,1551806753,95.0,-2.54,115.51,22.86,0.64
166,maierus,88.0,RO,1551806715,39.0,45.9,25.53,7.78,2.99
167,nouadhibou,0.0,MR,1551805200,73.0,20.93,-17.03,21.0,8.7
168,guiyang,90.0,CN,1551805200,81.0,26.58,106.71,9.0,2.0
169,isangel,68.0,VU,1551806758,100.0,-19.55,169.27,26.51,6.19
170,oldmeldrum,68.0,GB,1551806645,75.0,57.34,-2.32,6.67,3.1
171,liseleje,92.0,DK,1551806620,93.0,56.01,11.96,5.0,6.7
172,yellowknife,20.0,CA,1551806578,83.0,62.45,-114.38,-11.67,1.0
173,videbaek,0.0,DK,1551806405,93.0,56.09,8.63,6.67,3.6
174,nome,1.0,US,1551806718,38.0,30.04,-94.42,7.22,3.6
175,airai,48.0,TL,1551806763,91.0,-8.93,125.41,21.31,0.69
176,namibe,20.0,AO,1551801600,65.0,-15.19,12.15,28.0,6.2
177,sao joao da barra,40.0,BR,1551801600,62.0,-21.64,-41.05,31.0,4.1
178,usinsk,8.0,RU,1551806766,68.0,66.0,57.56,-16.92,6.19
179,illoqqortoormiut,,,nan,,,,,
180,havre,1.0,US,1551804780,63.0,48.55,-109.68,-21.0,5.7
181,saleaula,,,nan,,,,,
182,nanortalik,64.0,GL,1551806768,100.0,60.14,-45.24,-0.99,4.29
183,avarua,44.0,CK,1551805200,65.0,-21.21,-159.78,25.0,2.1
184,vardo,1.0,US,1551806762,42.0,39.62,-77.74,2.78,3.6
185,mehamn,40.0,NO,1551804600,67.0,71.03,27.85,-7.0,4.1
186,mungaa,24.0,TZ,1551806772,92.0,-4.97,34.86,16.11,1.24
187,bolivar,1.0,US,1551806728,38.0,37.61,-93.41,-1.67,7.7
188,ouahigouya,0.0,BF,1551806549,15.0,13.58,-2.42,31.26,2.59
189,san quintin,12.0,PH,1551806773,79.0,17.54,120.52,17.48,1.39
190,sosnovo,76.0,RU,1551806434,73.0,60.56,30.25,-4.44,5.44
191,georgetown,75.0,GY,1551801600,70.0,6.8,-58.16,29.0,5.1
192,narsaq,75.0,GL,1551804600,46.0,60.91,-46.05,-2.0,1.39
193,samarai,8.0,PG,1551806778,100.0,-10.62,150.67,28.06,4.39
194,severo-kurilsk,64.0,RU,1551806778,100.0,50.68,156.12,-5.8,4.94
195,pisco,0.0,PE,1551805200,30.0,-13.71,-76.2,22.0,5.1
196,kentau,64.0,KZ,1551806798,100.0,43.52,68.5,-5.19,1.19
197,whitehorse,5.0,CA,1551805200,75.0,60.72,-135.06,-26.0,1.19
198,inderborskiy,,,nan,,,,,
199,northam,75.0,GB,1551806772,93.0,51.04,-4.21,10.0,5.7
200,iqaluit,5.0,CA,1551806572,83.0,63.75,-68.52,-23.89,1.09
201,kodiak,20.0,US,1551806677,57.0,39.95,-94.76,-6.11,5.1
202,lazurne,8.0,UA,1551806805,71.0,46.77,34.99,8.21,5.29
203,izvoarele sucevei,20.0,RO,1551806813,65.0,47.76,25.18,2.76,4.84
204,ribeira grande,40.0,PT,1551803400,51.0,38.52,-28.7,15.0,7.7
205,oranjestad,40.0,AW,1551805200,66.0,12.52,-70.03,29.0,10.3
206,lagunas,20.0,PE,1551806814,65.0,-5.23,-75.68,32.36,1.29
207,ruatoria,,,nan,,,,,
208,pevek,76.0,RU,1551806816,87.0,69.7,170.27,-15.34,0.99
209,vanimo,68.0,PG,1551806817,100.0,-2.67,141.3,27.36,4.89
210,wewak,80.0,PG,1551806822,95.0,-3.55,143.63,25.11,1.24
211,nicoya,0.0,CR,1551805200,36.0,10.15,-85.45,34.0,10.8
212,arman,8.0,RU,1551806823,45.0,59.7,150.17,-22.3,1.74
213,calama,0.0,CL,1551805200,19.0,-22.46,-68.93,26.0,9.8
214,beringovskiy,12.0,RU,1551806826,92.0,63.05,179.32,-9.55,0.49
215,chitrakonda,0.0,IN,1551806828,89.0,18.12,82.08,18.33,1.34
216,hoi an,40.0,VN,1551805200,83.0,15.88,108.33,26.0,0.5
217,ancud,75.0,CL,1551805200,72.0,-41.87,-73.83,16.0,7.7
218,makaha,1.0,US,1551806742,72.0,21.47,-158.22,21.0,2.6
219,santo angelo,56.0,BR,1551806832,74.0,-28.3,-54.26,30.56,3.69
220,luderitz,0.0,NA,1551806832,72.0,-26.65,15.16,18.86,8.04
221,jieshi,92.0,CN,1551806836,100.0,22.82,115.83,19.96,1.24
222,celestun,36.0,MX,1551806838,95.0,20.87,-90.4,26.26,2.29
223,negotin,88.0,RS,1551806839,77.0,44.23,22.53,5.61,2.89
224,mareeba,32.0,AU,1551806417,88.0,-16.99,145.42,24.0,2.6
225,hargeysa,8.0,SO,1551806842,76.0,9.56,44.06,19.36,3.04
226,sorland,40.0,NO,1551804600,86.0,67.67,12.69,-2.0,8.2
227,quesnel,0.0,CA,1551806845,53.0,52.98,-122.49,-11.69,1.29
228,batagay,36.0,RU,1551806845,0.0,67.65,134.64,-33.14,1.34
229,hilo,90.0,US,1551806607,93.0,19.71,-155.08,17.22,3.1
230,iquitos,40.0,PE,1551805200,319.0,-3.75,-73.25,6.0,2.6
231,ponta do sol,48.0,BR,1551806846,79.0,-20.63,-46.0,25.91,2.69
232,coahuayana,0.0,MX,1551806846,29.0,18.62,-100.35,29.58,1.34
233,longyearbyen,20.0,NO,1551804600,63.0,78.22,15.63,-21.0,2.1
234,abu dhabi,0.0,AE,1551805200,68.0,24.47,54.37,19.0,2.1
235,yerbogachen,20.0,RU,1551806847,69.0,61.28,108.01,-6.3,3.94
236,geraldton,75.0,CA,1551805200,59.0,49.72,-86.95,-16.0,3.6
237,voh,8.0,NC,1551806848,95.0,-20.95,164.69,25.26,3.59
238,san patricio,88.0,PY,1551806848,84.0,-26.98,-56.83,25.61,2.14
239,along,88.0,IN,1551806848,95.0,28.17,94.8,10.23,0.74
240,huangchuan,90.0,CN,1551806682,87.0,24.57,102.46,11.11,4.0
241,seddon,20.0,NZ,1551806165,93.0,-41.67,174.07,11.11,2.59
242,lolua,,,nan,,,,,
243,coquimbo,0.0,CL,1551805200,72.0,-29.95,-71.34,20.0,7.2
244,half moon bay,90.0,US,1551806749,87.0,37.46,-122.43,12.22,2.1
245,wuwei,32.0,CN,1551806851,75.0,37.93,102.64,-9.3,1.14
246,cayenne,92.0,GF,1551805200,55.0,4.94,-52.33,31.0,6.2
247,halifax,75.0,CA,1551806466,63.0,44.65,-63.58,0.0,8.7
248,bowen,75.0,AU,1551806838,94.0,-20.01,148.25,25.56,4.6
249,saint anthony,20.0,US,1551806444,66.0,43.97,-111.68,-3.33,3.6
250,quang ngai,0.0,VN,1551806624,90.0,15.12,108.8,19.96,0.94
251,cherdyn,80.0,RU,1551806857,75.0,60.4,56.48,-11.59,5.04
252,moses lake,75.0,US,1551806234,67.0,47.13,-119.28,-6.11,1.5
253,olafsvik,,,nan,,,,,
254,hostotipaquillo,0.0,MX,1551806857,26.0,21.06,-104.05,27.41,0.74
255,deputatskiy,8.0,RU,1551806858,0.0,69.3,139.9,-38.24,1.19
256,kloulklubed,75.0,PW,1551804600,94.0,7.04,134.26,25.0,3.1
257,ayan,0.0,TR,1551806858,70.0,40.67,33.6,1.46,2.19
258,hervey bay,90.0,AU,1551806109,94.0,-25.3,152.85,23.33,3.6
259,vila velha,40.0,BR,1551806296,70.0,-3.71,-38.6,30.0,7.7
260,olinda,90.0,EC,1551805200,94.0,-2.03,-79.75,25.0,1.5
261,sambava,64.0,MG,1551806859,100.0,-14.27,50.17,25.89,2.19
262,san lawrenz,20.0,MT,1551806716,82.0,36.06,14.2,15.56,3.1
263,miri,0.0,NG,1551806860,27.0,10.31,9.75,28.21,2.34
264,goundam,0.0,ML,1551806861,17.0,16.42,-3.66,29.23,3.04
265,namatanai,8.0,PG,1551806861,100.0,-3.66,152.44,28.01,2.49
266,ferme-neuve,48.0,CA,1551806861,61.0,46.7,-75.45,-11.37,3.34
267,jardim,48.0,BR,1551806862,60.0,-21.48,-56.15,32.33,2.89
268,dunn,90.0,US,1551806844,47.0,35.31,-78.61,4.44,1.5
269,chokurdakh,0.0,RU,1551806866,0.0,70.62,147.9,-35.89,1.34
270,binzhou,0.0,CN,1551806793,74.0,37.38,117.96,8.89,0.45
271,grindavik,20.0,IS,1551806656,100.0,63.84,-22.43,1.11,5.7
272,mozarlandia,100.0,BR,1551806591,93.0,-14.74,-50.57,26.36,2.14
273,rey bouba,0.0,CM,1551806869,23.0,8.67,14.18,32.08,2.79
274,udachnyy,80.0,RU,1551806870,79.0,66.42,112.4,-7.44,2.59
275,margate,75.0,AU,1551806840,76.0,-43.03,147.26,12.78,1.5
276,kahului,40.0,US,1551806630,72.0,20.89,-156.47,19.0,2.6
277,bandarbeyla,64.0,SO,1551806873,100.0,9.49,50.81,26.06,5.04
278,san rafael,0.0,AR,1551806874,34.0,-34.61,-68.33,21.91,3.44
279,ilorin,0.0,NG,1551801600,22.0,8.5,4.55,37.0,2.6
280,amderma,,,nan,,,,,
281,constitucion,5.0,MX,1551806416,22.0,23.99,-104.67,21.67,1.94
282,lompoc,90.0,US,1551806725,71.0,34.64,-120.46,14.44,1.5
283,bah,0.0,IN,1551806881,62.0,26.87,78.59,12.39,1.24
284,mayumba,64.0,GA,1551806882,100.0,-3.44,10.65,26.26,1.69
285,laguna de perlas,75.0,NI,1551801600,70.0,12.34,-83.67,30.0,4.1
286,sabha,0.0,LY,1551806884,33.0,27.03,14.43,15.08,2.04
287,north atlanta,1.0,US,1551806730,34.0,33.87,-84.34,7.0,5.1
288,talnakh,88.0,RU,1551806885,85.0,69.49,88.39,-8.19,4.29
289,yuanping,0.0,CN,1551806886,45.0,38.72,112.71,-6.42,1.59
290,palabuhanratu,,,nan,,,,,
291,nikolskoye,90.0,RU,1551806734,79.0,59.7,30.79,-4.0,6.0
292,la reforma,5.0,GT,1551806404,55.0,14.8,-91.82,32.0,0.19
293,sao felix do xingu,64.0,BR,1551806891,93.0,-6.64,-51.99,25.46,1.64
294,crab hill,,,nan,,,,,
295,skagastrond,,,nan,,,,,
296,aykhal,88.0,RU,1551806894,81.0,65.95,111.51,-7.94,4.54
297,palora,75.0,EC,1551805200,51.0,-1.7,-77.97,30.0,1.39
298,powell river,75.0,CA,1551806824,74.0,49.84,-124.52,1.11,3.79
299,esperance,75.0,TT,1551806162,58.0,10.24,-61.45,29.0,9.3
300,paraiso,5.0,MX,1551806416,22.0,24.01,-104.61,21.67,1.94
301,north bend,1.0,US,1551806211,86.0,43.41,-124.22,3.0,1.5
302,aksu,0.0,KZ,1551805200,78.0,52.04,76.93,-8.0,4.0
303,lagoa,75.0,PT,1551806893,88.0,37.14,-8.45,17.0,4.6
304,miranda,75.0,CO,1551805200,58.0,3.25,-76.23,28.0,2.1
305,ballina,90.0,IE,1551806892,93.0,54.11,-9.15,9.0,4.6
306,la ronge,90.0,CA,1551805200,71.0,55.1,-105.3,-15.0,5.7
307,brandon,20.0,US,1551806603,72.0,43.59,-96.57,-11.11,7.7
308,coihaique,75.0,CL,1551805200,58.0,-45.58,-72.07,15.0,5.1
309,vaitupu,,,nan,,,,,
310,xapuri,75.0,BR,1551805200,66.0,-10.65,-68.5,32.0,5.1
311,mayo,5.0,CA,1551805200,67.0,63.59,-135.9,-31.0,1.0
312,sept-iles,40.0,CA,1551806600,61.0,50.2,-66.38,-6.67,7.7
313,tiksi,76.0,RU,1551806902,62.0,71.64,128.87,-17.62,4.39
314,linxia,24.0,CN,1551806902,80.0,35.6,103.21,-7.67,0.89
315,maragogi,68.0,BR,1551806902,80.0,-9.01,-35.22,28.96,4.89
316,katsuura,75.0,JP,1551806683,61.0,33.93,134.5,10.0,1.5
317,tessalit,0.0,ML,1551806903,13.0,20.2,1.01,23.86,2.44
318,tual,80.0,ID,1551806904,99.0,-5.67,132.75,28.76,3.79
319,westpunt,,,nan,,,,,
320,miranorte,,,nan,,,,,
321,nabire,24.0,ID,1551806907,94.0,-3.36,135.5,19.08,0.84
322,san jose,0.0,PH,1551806836,94.0,15.79,120.99,17.21,0.89
323,kulu,8.0,CD,1551806908,67.0,3.47,23.69,27.23,0.59
324,davlekanovo,90.0,RU,1551805200,85.0,54.22,55.03,-6.0,6.0
325,cockburn town,0.0,TC,1551806794,96.0,21.46,-71.14,26.06,6.64
326,meiganga,0.0,CM,1551806910,31.0,6.52,14.29,25.81,2.24
327,malpe,20.0,IN,1551805200,78.0,13.35,74.72,26.0,2.1
328,caravelas,48.0,BR,1551806912,100.0,-17.73,-39.27,28.76,3.94
329,lincoln,75.0,GB,1551806823,57.0,53.23,-0.54,11.11,8.2
330,tilichiki,68.0,RU,1551806912,78.0,60.47,166.1,-14.34,1.24
331,ahmadpur,0.0,IN,1551806913,50.0,18.7,76.94,18.89,1.94
332,nelson bay,0.0,AU,1551806434,78.0,-32.72,152.14,22.78,2.1
333,sitka,0.0,US,1551806213,49.0,37.17,-99.65,-4.44,7.15
334,lumphat,0.0,KH,1551806915,68.0,13.5,106.97,25.46,1.64
335,ascoli piceno,0.0,IT,1551806872,71.0,42.85,13.58,15.56,2.6
336,teya,40.0,MX,1551806157,51.0,21.05,-89.07,32.22,3.1
337,kuala krai,,,nan,,,,,
338,rock springs,75.0,US,1551804840,78.0,41.59,-109.2,-13.0,2.1
339,chagda,,,nan,,,,,
340,bambous virieux,20.0,MU,1551806645,78.0,-20.34,57.76,27.0,4.6
341,kavaratti,0.0,IN,1551806918,100.0,10.57,72.64,27.64,5.14
342,bethel,90.0,US,1551804960,100.0,60.79,-161.76,2.0,6.2
343,attawapiskat,,,nan,,,,,
344,avera,1.0,US,1551806898,56.0,33.19,-82.53,8.89,5.7
345,acajutla,0.0,SV,1551806746,62.0,13.59,-89.83,28.33,1.34
346,hamilton,90.0,BM,1551806717,94.0,32.3,-64.78,22.22,3.6
347,musiri,20.0,IN,1551805200,74.0,10.95,78.44,28.0,3.1
348,ilulissat,75.0,GL,1551804600,52.0,69.22,-51.1,-8.0,5.7
349,estelle,20.0,US,1551806724,31.0,32.87,-97.01,3.33,4.1
350,castrillon,20.0,ES,1551806598,48.0,43.4,-6.79,17.0,2.6
351,chunoyar,12.0,RU,1551806924,71.0,57.45,97.32,-2.52,4.19
352,hirata,36.0,JP,1551806454,92.0,37.21,140.56,2.78,1.84
353,lalmohan,36.0,BD,1551806925,96.0,22.34,90.74,20.86,2.29
354,rusne,75.0,LT,1551805200,100.0,55.3,21.38,1.0,2.0
355,lovozero,0.0,RU,1551806926,67.0,68.01,35.02,-17.17,2.54
356,ahipara,0.0,NZ,1551806922,100.0,-35.17,173.16,13.89,2.29
357,santa maria,64.0,BR,1551806642,75.0,-29.69,-53.81,29.66,2.54
358,ambilobe,92.0,MG,1551806930,99.0,-13.19,49.05,22.56,1.54
359,roald,0.0,NO,1551806703,50.0,62.58,6.12,1.0,8.2
360,krasnyy yar,64.0,RU,1551806931,91.0,50.7,44.73,1.39,7.39
361,cherskiy,88.0,RU,1551806936,67.0,68.75,161.3,-18.27,1.39
362,santa cruz,90.0,US,1551806937,87.0,36.97,-122.03,12.78,1.5
363,ondjiva,40.0,AO,1551801600,20.0,-17.07,15.73,37.0,1.5
364,tuatapere,76.0,NZ,1551806407,94.0,-46.13,167.69,15.56,6.44
365,sumkino,8.0,RU,1551806962,74.0,58.11,68.32,-12.27,2.29
366,pozo colorado,36.0,PY,1551806962,67.0,-23.49,-58.8,33.73,3.09
367,saskylakh,36.0,RU,1551806963,61.0,71.97,114.09,-25.27,1.34
368,vestmannaeyjar,90.0,IS,1551805200,86.0,63.44,-20.27,1.0,7.2
369,talwara,0.0,IN,1551806963,81.0,31.94,75.88,9.08,1.24
370,ladario,92.0,PT,1551806811,95.0,40.7,-7.74,16.67,7.6
371,ola,0.0,RU,1551806964,100.0,59.58,151.3,-17.12,2.59
372,ilhabela,8.0,BR,1551806923,99.0,-23.78,-45.36,27.83,2.69
373,vysokogornyy,8.0,RU,1551806964,57.0,50.1,139.13,-22.14,0.99
374,gulshat,,,nan,,,,,
375,yanan,,,nan,,,,,
376,izumo,75.0,JP,1551805200,81.0,35.37,132.75,7.0,2.6
377,breytovo,68.0,RU,1551806965,93.0,58.3,37.86,3.33,6.94
378,doctor pedro p. pena,,,nan,,,,,
379,nioro,44.0,GM,1551806965,15.0,13.79,-15.05,35.66,2.34
380,ulladulla,0.0,AU,1551806143,83.0,-35.36,150.48,21.0,3.1
381,graham,90.0,US,1551806910,43.0,36.07,-79.4,4.44,1.99
382,juba,76.0,EE,1551806784,79.0,57.82,26.93,-2.78,7.2
383,vila franca do campo,40.0,PT,1551806918,58.0,37.72,-25.43,15.0,6.7
384,laguna,90.0,MX,1551804000,37.0,27.52,-110.01,22.0,2.1
385,saint george,0.0,GR,1551806608,81.0,39.45,22.34,14.44,3.14
386,panzhihua,92.0,CN,1551806967,41.0,26.59,101.72,13.51,2.79
387,gizo,75.0,IL,1551806891,81.0,31.8,34.94,13.0,2.1
388,trelleborg,90.0,SE,1551806887,93.0,55.38,13.15,5.56,2.6
389,haines junction,44.0,CA,1551806968,72.0,60.75,-137.51,-20.52,1.14
390,dzhusaly,,,nan,,,,,
391,przhevalskoye,92.0,RU,1551806968,93.0,55.51,31.85,2.36,8.99
392,kurumkan,44.0,RU,1551806969,59.0,54.33,110.32,-16.74,0.89
393,vanderhoof,0.0,CA,1551806969,56.0,54.02,-124.02,-12.44,1.09
394,pasni,0.0,PK,1551806890,92.0,25.26,63.48,21.01,4.74
395,perelyub,92.0,RU,1551806969,95.0,51.87,50.37,2.31,7.74
396,payo,76.0,ID,1551806970,96.0,-3.75,103.64,22.91,1.74
397,batemans bay,0.0,AU,1551806966,74.0,-35.71,150.18,22.78,0.89
398,springfield,1.0,US,1551806909,45.0,37.22,-93.29,-1.11,6.7
399,sorong,92.0,ID,1551806971,100.0,-0.86,131.25,26.86,3.34
400,jalu,0.0,LY,1551806971,42.0,29.03,21.55,13.41,2.64
401,paciran,64.0,ID,1551806971,96.0,-6.9,112.33,22.61,2.44
402,mergui,,,nan,,,,,
403,mocuba,92.0,MZ,1551806972,97.0,-16.84,36.99,23.08,2.64
404,sola,75.0,NO,1551806780,86.0,58.89,5.65,4.0,4.1
405,basco,90.0,US,1551806856,61.0,40.33,-91.2,-6.67,9.3
406,kultuk,12.0,RU,1551806408,38.0,51.73,103.71,-7.22,0.45
407,naze,40.0,NG,1551801600,59.0,5.43,7.07,34.0,1.0
408,pusad,0.0,IN,1551806973,34.0,19.91,77.57,21.01,3.94
409,ostrovnoy,20.0,RU,1551806973,79.0,68.05,39.51,-13.62,6.64
410,lata,0.0,IN,1551806974,83.0,30.78,78.62,-0.44,1.24
411,azrow,,,nan,,,,,
412,flin flon,90.0,CA,1551805200,65.0,54.77,-101.88,-13.0,6.7
413,bichena,56.0,ET,1551806974,78.0,10.45,38.2,17.06,0.84
414,wagar,0.0,US,1551806964,43.0,31.44,-87.99,6.67,1.34
415,indian head,12.0,CA,1551806763,61.0,50.53,-103.67,-7.78,1.34
416,kalmunai,76.0,LK,1551806868,96.0,7.42,81.82,25.21,1.29
417,takaungu,20.0,KE,1551805200,79.0,-3.68,39.86,30.0,4.6
418,kaitangata,64.0,NZ,1551806866,83.0,-46.28,169.85,17.22,0.89
419,channel-port aux basques,80.0,CA,1551806976,99.0,47.57,-59.14,-3.55,12.94
420,jobabo,20.0,CU,1551806976,67.0,20.91,-77.28,30.33,2.14
421,manali,0.0,IN,1551806976,68.0,32.25,77.19,-23.64,0.39
422,vanavara,88.0,RU,1551806977,88.0,60.35,102.28,-1.12,3.94
423,garden city,1.0,US,1551806975,39.0,40.73,-73.63,0.0,2.6
424,kayanga,80.0,TZ,1551806977,77.0,-1.53,31.15,20.21,0.99
425,palkino,80.0,RU,1551805200,100.0,57.54,28.01,-1.0,7.0
426,tombouctou,0.0,ML,1551806978,14.0,16.77,-3.01,28.41,2.79
427,dujuma,,,nan,,,,,
428,keffi,20.0,NG,1551801600,32.0,8.85,7.88,36.0,3.1
429,fairlie,1.0,US,1551806856,50.0,33.31,-95.96,2.78,5.1
430,dzhebariki-khaya,24.0,RU,1551806979,33.0,62.22,135.8,-30.44,1.09
431,kibala,0.0,TD,1551801600,15.0,9.11,18.35,40.0,2.1
432,likasi,56.0,CD,1551806979,75.0,-10.99,26.74,23.14,2.09
433,galesong,20.0,ID,1551805200,94.0,-5.32,119.37,25.0,1.5
434,independence,1.0,US,1551806714,48.0,39.09,-94.42,-4.44,6.2
435,high prairie,48.0,CA,1551806980,69.0,55.43,-116.48,-13.3,1.64
436,yupiltepeque,20.0,GT,1551806980,56.0,14.2,-89.79,26.11,1.89
437,erzin,40.0,TR,1551804600,82.0,36.95,36.2,14.0,2.6
438,ozernovskiy,64.0,RU,1551806980,88.0,51.5,156.52,-8.65,2.89
439,pringsewu,92.0,ID,1551806975,95.0,-5.36,104.98,22.73,1.14
440,katobu,76.0,ID,1551806981,100.0,-4.94,122.53,26.33,1.34
441,voyskovitsy,90.0,RU,1551806945,79.0,59.53,29.96,-4.0,6.0
442,wairoa,0.0,NZ,1551806408,99.0,-39.04,177.43,10.0,2.68
443,broome,20.0,GB,1551806962,57.0,52.47,1.45,10.56,5.1
444,pionerskiy,0.0,RU,1551806983,62.0,61.2,62.86,-17.62,2.24
445,rawannawi,,,nan,,,,,
446,sinnamary,92.0,GF,1551806984,88.0,5.38,-52.96,27.39,4.54
447,ampanihy,0.0,MG,1551806984,84.0,-24.69,44.75,23.56,4.04
448,lac du bonnet,12.0,CA,1551806984,86.0,50.25,-96.06,-14.3,2.99
449,hecun,92.0,CN,1551806984,95.0,29.94,119.31,7.61,1.09
450,comodoro rivadavia,0.0,AR,1551805200,34.0,-45.87,-67.48,18.0,13.4
451,cedar city,1.0,US,1551804780,75.0,37.68,-113.06,5.0,1.5
452,faya,40.0,SA,1551801600,6.0,18.39,42.45,18.0,2.6
453,marsh harbour,0.0,BS,1551806691,90.0,26.54,-77.06,26.83,5.74
454,lucera,75.0,IT,1551801300,55.0,41.51,15.34,16.0,8.2
455,hualmay,24.0,PE,1551806987,63.0,-11.1,-77.61,26.66,2.29
456,gola bazar,0.0,IN,1551806987,72.0,26.34,83.35,17.48,4.04
457,hailey,90.0,US,1551806148,58.0,43.52,-114.32,-3.89,5.1
458,aklavik,5.0,CA,1551805200,84.0,68.22,-135.01,-11.0,3.1
459,samalaeulu,,,nan,,,,,
460,loksa,20.0,EE,1551806824,62.0,59.58,25.72,-5.0,4.6
461,tidore,,,nan,,,,,
462,joshimath,0.0,IN,1551806989,100.0,30.57,79.57,-17.77,0.29
463,teguldet,64.0,RU,1551806989,70.0,57.31,88.17,-6.09,4.39
464,atbasar,80.0,KZ,1551806989,88.0,51.81,68.36,-3.17,6.19
465,benjamin constant,40.0,BR,1551805200,70.0,-4.38,-70.03,31.0,3.1
466,dawlatabad,80.0,AF,1551806990,69.0,36.41,64.91,9.58,2.29
467,richards bay,0.0,ZA,1551806990,93.0,-28.77,32.06,21.73,1.64
468,merrill,90.0,US,1551806967,74.0,42.03,-121.6,2.22,1.54
469,havre-saint-pierre,90.0,CA,1551806340,79.0,50.23,-63.6,-5.0,13.4
470,jati,0.0,PK,1551806991,60.0,24.35,68.27,19.71,4.49
471,henties bay,0.0,NA,1551805323,89.0,-22.12,14.28,19.44,4.02
472,esna,88.0,RO,1551806992,64.0,45.2,27.57,10.16,4.04
473,otterup,64.0,DK,1551806550,81.0,55.52,10.4,7.0,6.2
474,tsumeb,100.0,NA,1551806993,35.0,-19.25,17.72,29.86,1.44
475,sangar,44.0,RU,1551806994,60.0,63.92,127.47,-22.05,0.79
476,neiafu,75.0,TO,1551805200,94.0,-18.65,-173.98,24.0,3.6
477,tulum,40.0,MX,1551806416,55.0,20.21,-87.46,31.0,1.69
478,te anau,44.0,NZ,1551806991,81.0,-45.41,167.72,14.31,2.89
479,hof,75.0,DE,1551806950,85.0,50.32,11.92,5.0,5.7
480,le vauclin,56.0,MQ,1551806795,69.0,14.55,-60.84,29.0,6.7
481,bahir dar,100.0,ET,1551806997,23.0,11.59,37.39,23.11,3.69
482,cali,75.0,CO,1551805200,58.0,3.43,-76.51,28.0,2.1
483,sidi ali,0.0,DZ,1551806998,73.0,36.1,0.42,15.51,0.64
484,chara,0.0,GR,1551806608,81.0,39.42,22.43,14.44,3.14
485,kuryk,0.0,KZ,1551806998,87.0,43.18,51.68,3.81,2.39
486,ahuimanu,75.0,US,1551806980,88.0,21.44,-157.84,21.0,6.2
487,sungaipenuh,76.0,ID,1551806999,95.0,-2.08,101.38,19.08,0.34
488,changping,0.0,CN,1551806966,20.0,40.22,116.23,11.67,3.0
489,honiara,44.0,SB,1551807000,97.0,-9.43,159.96,23.81,1.34
490,hinton,0.0,CA,1551806775,37.0,53.4,-117.57,-13.02,1.29
491,erenhot,0.0,CN,1551807001,62.0,43.65,111.97,-8.15,4.44
492,nizhnyaya tavda,0.0,RU,1551807002,77.0,57.67,66.17,-15.17,2.84
493,ati,0.0,TD,1551807006,21.0,13.21,18.34,32.06,3.69
494,ixtapa,5.0,MX,1551806703,69.0,20.71,-105.21,26.11,0.89
495,kasama,64.0,ZM,1551807007,65.0,-10.21,31.19,22.81,2.89
496,thompson,75.0,CA,1551805200,70.0,55.74,-97.86,-20.0,5.1
497,matay,44.0,EG,1551807009,41.0,28.42,30.79,17.11,6.29
498,murgab,75.0,TM,1551805200,76.0,37.5,61.97,11.0,5.1
499,ende,20.0,ID,1551807010,100.0,-8.84,121.65,27.16,2.64
500,rafsanjan,0.0,IR,1551807010,39.0,30.4,55.99,-0.49,0.74
501,gornyye klyuchi,20.0,RU,1551807011,82.0,45.25,133.5,-2.44,3.24
502,agadir,0.0,MA,1551805200,68.0,30.42,-9.58,19.0,5.7
503,damara,40.0,CF,1551801600,41.0,4.96,18.7,34.0,5.1
504,stykkisholmur,0.0,IS,1551807012,100.0,65.08,-22.73,-0.17,2.44
505,kalashnikovo,92.0,RU,1551807013,91.0,57.28,35.23,3.14,7.64
506,aquiraz,40.0,BR,1551806896,70.0,-3.9,-38.39,30.0,7.7
507,darhan,36.0,MN,1551807017,36.0,49.49,105.92,-5.59,2.89
508,kendari,80.0,ID,1551807017,96.0,-3.99,122.52,23.83,1.24
509,mirnyy,92.0,RU,1551807019,93.0,56.57,36.46,3.33,7.09
510,broken hill,56.0,AU,1551801600,49.0,-31.97,141.45,21.0,10.8
511,heide,75.0,DE,1551807017,81.0,54.19,9.09,7.0,8.2
512,neudorfl,0.0,AT,1551807011,43.0,47.78,16.28,10.56,2.6
513,xiongshi,,,nan,,,,,
514,guanica,90.0,PR,1551807004,100.0,17.97,-66.91,29.44,7.2
515,tenenkou,0.0,ML,1551807021,18.0,14.46,-4.91,31.86,2.89
516,edgewater,90.0,US,1551806819,100.0,28.99,-80.9,15.0,4.6
517,mount gambier,36.0,AU,1551801600,71.0,-37.83,140.78,11.0,5.7
518,natal,75.0,BR,1551805200,62.0,-5.81,-35.21,31.0,9.3
519,umzimvubu,,,nan,,,,,
520,suez,64.0,EG,1551807022,73.0,29.97,32.54,12.46,1.79
521,dengfeng,64.0,CN,1551807022,73.0,34.46,113.03,6.14,2.39
522,sansai,,,nan,,,,,
523,daru,0.0,SL,1551807023,26.0,7.99,-10.85,35.83,2.09
524,manggar,12.0,ID,1551807024,100.0,-2.88,108.27,23.64,1.54
525,hambantota,64.0,LK,1551806798,100.0,6.12,81.12,26.86,2.59
526,tumannyy,,,nan,,,,,
527,muroto,80.0,JP,1551807024,100.0,33.37,134.14,9.98,1.44
528,den helder,20.0,NL,1551806779,87.0,52.96,4.76,8.89,8.7
529,manono,48.0,CD,1551806878,80.0,-7.3,27.4,24.41,2.09
530,lufkin,1.0,US,1551806758,37.0,31.34,-94.73,4.44,5.1
531,rawson,12.0,AR,1551807026,25.0,-43.3,-65.11,23.23,7.74
532,akom,44.0,GH,1551807027,34.0,6.86,-1.64,34.64,1.49
533,sanchez,40.0,DO,1551805200,65.0,19.23,-69.61,29.0,2.1
534,rosetta,40.0,EG,1551805200,71.0,31.4,30.42,14.0,3.6
535,tonantins,0.0,BR,1551807029,72.0,-2.86,-67.77,33.11,1.74
536,cam ranh,20.0,VN,1551805200,78.0,11.92,109.15,27.0,3.1
537,tabou,64.0,CI,1551807029,95.0,4.42,-7.36,29.33,5.79
538,mutoko,12.0,ZW,1551807030,51.0,-17.4,32.23,24.46,3.29
539,itoman,75.0,JP,1551806597,64.0,26.12,127.67,21.0,6.7
540,piuma,24.0,BR,1551807031,89.0,-20.84,-40.72,28.64,6.24
541,navalmoral de la mata,76.0,ES,1551806561,82.0,39.89,-5.54,11.67,3.79
542,puerto escondido,5.0,MX,1551804060,66.0,15.86,-97.07,29.0,4.34
543,picui,8.0,BR,1551807032,58.0,-6.51,-36.35,29.86,5.94
544,adrar,0.0,DZ,1551805200,9.0,27.87,-0.29,29.0,3.6
545,tiruvottiyur,,,nan,,,,,
546,port keats,48.0,AU,1551807036,80.0,-14.25,129.55,29.16,1.54
547,nara,80.0,JP,1551806995,81.0,34.68,135.8,10.0,2.1
548,chichigalpa,0.0,NI,1551807037,42.0,12.57,-87.03,33.91,4.29
549,lashio,88.0,MM,1551807039,97.0,22.93,97.75,16.21,0.69
550,fayaoue,92.0,NC,1551807039,100.0,-20.65,166.53,26.31,7.64
551,manicore,32.0,BR,1551807040,90.0,-5.81,-61.3,28.46,1.24
552,aracoiaba da serra,20.0,BR,1551806533,79.0,-23.51,-47.61,30.56,3.94
553,tautira,75.0,PF,1551806593,74.0,-17.73,-149.15,27.0,1.5
554,puerto suarez,75.0,BO,1551805200,59.0,-18.96,-57.8,35.0,4.1
555,tuy hoa,8.0,VN,1551807057,100.0,13.08,109.3,21.98,2.04
556,rach gia,20.0,VN,1551805200,88.0,10.02,105.08,24.0,1.5
557,kisanga,64.0,CD,1551807065,70.0,-11.72,27.4,23.01,0.99
558,camalu,36.0,MX,1551807069,36.0,30.85,-116.07,20.89,1.29
559,ploemeur,90.0,FR,1551807076,87.0,47.73,-3.43,11.11,7.7
560,gushikawa,75.0,JP,1551806597,64.0,26.35,127.87,21.0,5.1
561,haimen,92.0,CN,1551807033,91.0,31.87,121.18,8.89,0.45
562,shetpe,0.0,KZ,1551806951,71.0,44.14,52.16,-2.17,1.34
563,floro,75.0,NO,1551806400,100.0,61.6,5.03,4.0,3.1
564,levelland,20.0,US,1551806850,78.0,33.59,-102.38,1.11,2.1
565,maniitsoq,76.0,GL,1551807130,89.0,65.42,-52.9,-4.3,2.89
566,port moresby,20.0,PG,1551801600,94.0,-9.47,147.16,26.0,2.1
567,kidal,0.0,ML,1551807188,13.0,18.44,1.41,24.56,1.44
568,bilma,0.0,NE,1551807191,18.0,18.69,12.92,20.86,1.89
569,kaoma,44.0,ZM,1551807191,43.0,-14.8,24.8,27.11,3.54
570,ciudad bolivar,0.0,VE,1551807018,37.0,8.12,-63.55,35.01,6.24
571,lumatil,0.0,PH,1551807191,100.0,5.87,124.89,21.26,1.19
572,portland,40.0,US,1551807172,57.0,45.52,-122.67,2.78,1.5
573,samusu,,,nan,,,,,
574,bom jardim,92.0,BR,1551807192,77.0,-7.8,-35.59,28.01,4.74
575,pavagada,12.0,IN,1551807193,44.0,14.1,77.28,25.01,4.59
576,kodinsk,64.0,RU,1551807193,76.0,58.6,99.18,-0.65,4.59
577,xichang,80.0,CN,1551807193,99.0,27.88,102.25,3.73,0.74
578,le pradet,20.0,FR,1551807102,66.0,46.44,1.83,13.0,2.6
579,sibolga,44.0,ID,1551807193,100.0,1.74,98.78,20.26,0.74
580,waw,,,nan,,,,,
581,bac lieu,,,nan,,,,,
582,russell,90.0,AR,1551805200,60.0,-33.01,-68.8,20.0,3.6
583,camacha,20.0,PT,1551805200,68.0,33.08,-16.33,19.0,10.8
584,pasuruan,40.0,ID,1551805200,100.0,-7.64,112.91,25.0,4.1
585,kyaikto,12.0,MM,1551807196,94.0,17.31,97.01,21.83,1.34
586,varva,0.0,UA,1551807196,86.0,50.5,32.72,2.51,6.39
587,petatlan,5.0,MX,1551804000,62.0,17.52,-101.27,30.0,2.6
588,mizdah,20.0,LY,1551807197,39.0,31.45,12.98,12.41,1.54
589,grootfontein,80.0,NA,1551807197,42.0,-19.56,18.1,28.11,0.29
590,nador,0.0,MA,1551805200,72.0,35.17,-2.93,18.0,2.1
591,eseka,76.0,CM,1551807198,89.0,3.65,10.77,24.76,1.24
592,flinders,8.0,AU,1551807124,83.0,-34.58,150.85,21.67,3.1
593,fairview,1.0,US,1551807195,39.0,40.81,-74.0,0.0,3.1
594,coffeyville,1.0,US,1551807118,33.0,37.04,-95.62,1.0,8.2
595,marquette,75.0,US,1551807181,60.0,46.54,-87.4,-9.44,6.2
596,virginia beach,90.0,US,1551807124,55.0,36.85,-75.98,4.44,3.1
597,haibowan,,,nan,,,,,
598,slave lake,90.0,CA,1551805200,78.0,55.28,-114.77,-12.0,5.7
599,sainte-rose,75.0,CA,1551807191,61.0,45.61,-73.79,-5.57,6.7
600,carauari,68.0,BR,1551807201,79.0,-4.88,-66.9,30.26,1.24
601,ringkobing,0.0,DK,1551807159,87.0,56.09,8.24,6.67,3.6
602,saint-augustin,0.0,FR,1551807188,39.0,44.83,-0.61,17.0,3.1
603,eureka,90.0,US,1551807131,93.0,40.8,-124.16,8.89,1.5
604,pantai remis,75.0,MY,1551805200,83.0,4.46,100.63,27.0,0.5
605,fort saint john,,,nan,,,,,
606,qixia,0.0,CN,1551807000,50.0,37.31,120.83,8.33,1.69
607,nerchinskiy zavod,0.0,RU,1551807203,56.0,51.31,119.61,-15.3,1.14
608,labutta,,,nan,,,,,
609,oistins,20.0,BB,1551805200,54.0,13.07,-59.53,29.0,9.8
610,male,20.0,UA,1551806954,86.0,50.74,33.7,2.41,6.89
611,mentok,,,nan,,,,,
612,bell ville,8.0,AR,1551807204,85.0,-32.63,-62.69,27.26,3.54
613,iracoubo,76.0,GF,1551807204,59.0,5.48,-53.21,29.11,2.79
614,hovd,0.0,NO,1551807184,67.0,63.83,10.7,-4.44,4.6
615,atar,0.0,MR,1551807205,10.0,20.52,-13.05,30.08,1.49
616,general roca,0.0,AR,1551805200,28.0,-39.03,-67.58,22.0,4.6
617,los llanos de aridane,20.0,ES,1551807118,60.0,28.66,-17.92,20.0,3.1
618,requena,20.0,ES,1551807121,82.0,39.49,-1.1,16.67,3.6
619,muyezerskiy,0.0,RU,1551807205,62.0,63.93,31.65,-11.62,3.59
620,angoram,92.0,PG,1551807206,100.0,-4.06,144.07,23.51,1.19
621,gigmoto,80.0,PH,1551807206,100.0,13.78,124.39,24.71,2.69
622,mahajanga,40.0,MG,1551805200,88.0,-15.72,46.32,28.0,2.1
623,sobolevo,92.0,RU,1551807206,89.0,54.43,31.9,2.76,10.84
624,taltal,0.0,CL,1551807208,68.0,-25.41,-70.49,23.71,1.89
625,kashiwazaki,64.0,JP,1551806629,84.0,37.37,138.57,3.89,1.29
626,matagami,8.0,NG,1551807208,54.0,9.67,8.4,26.31,0.19
627,tevriz,68.0,RU,1551807209,77.0,57.51,72.4,-8.9,2.99
628,sao marcos,44.0,BR,1551807070,61.0,-28.97,-51.07,27.78,0.89
629,chupei,,,nan,,,,,
630,nixa,1.0,US,1551807064,45.0,37.04,-93.29,-0.57,6.7
631,nuuk,75.0,GL,1551807170,58.0,64.17,-51.74,-3.0,8.7
632,puerto madryn,0.0,AR,1551806910,55.0,-42.77,-65.04,21.56,5.24
633,banjar,92.0,ID,1551807211,95.0,-7.37,108.54,22.33,1.04
634,uvelskiy,0.0,RU,1551807211,52.0,54.44,61.36,-15.65,1.34
635,akdepe,0.0,TM,1551805200,65.0,42.05,59.39,5.0,4.1
636,mullaitivu,,,nan,,,,,
637,akyab,,,nan,,,,,
638,shahreza,0.0,IR,1551807213,64.0,32.01,51.87,-9.09,0.99
639,temaraia,,,nan,,,,,
640,chumikan,8.0,RU,1551807213,61.0,54.72,135.31,-12.44,2.49
641,linda,90.0,US,1551807206,87.0,39.13,-121.55,12.22,1.44
642,isoka,48.0,ZM,1551807214,76.0,-10.15,32.64,20.89,0.84
643,saint-pierre,90.0,FR,1551807125,87.0,48.95,4.24,10.0,4.6
644,el higo,92.0,MX,1551807215,100.0,21.77,-98.45,11.31,3.19
645,ust-maya,48.0,RU,1551807215,72.0,60.42,134.54,-24.02,1.19
646,folldal,56.0,NO,1551807216,81.0,62.14,10.0,-10.27,1.39
647,baykit,80.0,RU,1551807216,83.0,61.68,96.39,-3.37,5.54
648,bushehr,0.0,IR,1551805200,68.0,28.97,50.84,18.0,3.1
649,jumla,0.0,NP,1551807217,87.0,29.28,82.18,-11.94,0.89
650,plastun,0.0,RU,1551807217,70.0,44.76,136.29,-3.24,1.79
651,poplar bluff,1.0,US,1551807011,36.0,36.76,-90.39,0.56,7.2
652,ternate,20.0,PH,1551807183,69.0,14.29,120.72,26.0,4.1
653,tabas,0.0,IR,1551801600,50.0,33.6,56.92,13.0,2.1
654,winston-salem,1.0,US,1551807003,40.0,36.1,-80.24,5.56,3.1
655,kununurra,0.0,AU,1551805200,83.0,-15.77,128.74,25.0,1.0
656,canora,75.0,CA,1551806580,61.0,51.64,-102.43,-10.0,5.7
657,kamaishi,0.0,JP,1551807219,72.0,39.28,141.86,-2.42,1.54
658,morondava,24.0,MG,1551807220,80.0,-20.3,44.28,29.11,3.09
659,grand-santi,24.0,GF,1551807220,47.0,4.27,-54.38,32.91,1.34
660,rocha,0.0,UY,1551807220,64.0,-34.48,-54.34,27.06,3.74
661,shcholkine,,,nan,,,,,
662,beloha,64.0,MG,1551807220,75.0,-25.17,45.06,26.31,5.39
663,huilong,0.0,CN,1551807221,90.0,28.89,110.18,4.33,0.99
664,luena,75.0,AO,1551801600,83.0,-11.78,19.91,22.0,3.1
665,viedma,24.0,AR,1551807221,24.0,-40.81,-62.99,23.51,7.39
666,bagdarin,32.0,RU,1551807221,52.0,54.44,113.59,-17.02,1.09
667,jinchang,36.0,CN,1551807222,58.0,38.52,102.19,-12.09,0.54
668,tigil,68.0,RU,1551807222,63.0,57.8,158.67,-15.87,1.34
669,kupang,8.0,ID,1551807222,100.0,-10.16,123.6,26.16,1.74
670,touros,75.0,BR,1551805200,74.0,-5.2,-35.46,30.0,5.7
671,skibbereen,75.0,IE,1551805200,100.0,51.55,-9.27,8.0,8.2
672,korla,,,nan,,,,,
673,illela,12.0,NG,1551807223,34.0,12.25,4.3,34.56,1.49
674,tvoroyri,80.0,FO,1551806400,74.0,61.56,-6.81,3.0,2.1
675,aranjuez,40.0,ES,1551807203,48.0,40.03,-3.6,16.0,5.1
676,sirisia,,,nan,,,,,
677,pangkalanbuun,68.0,ID,1551807073,96.0,-2.68,111.62,22.33,1.59
678,sigulda,90.0,LV,1551807017,86.0,57.15,24.86,-1.0,7.7
679,show low,1.0,US,1551806918,32.0,34.25,-110.03,13.89,1.5
680,huron,1.0,US,1551804900,71.0,44.36,-98.21,-11.0,8.2
681,labrea,,,nan,,,,,
682,sampit,92.0,ID,1551807230,98.0,-2.54,112.95,22.51,2.09
683,homer,75.0,US,1551807125,74.0,59.64,-151.54,2.0,2.1
684,ponta delgada,40.0,PT,1551807218,54.0,37.73,-25.67,15.0,5.7
685,brownsville,90.0,US,1551807210,56.0,25.91,-97.49,7.0,6.2
686,lakhdenpokhya,32.0,RU,1551807214,53.0,61.52,30.2,-7.78,2.68
687,minusinsk,0.0,RU,1551805200,58.0,53.7,91.7,-1.0,4.0
688,mitu,0.0,IR,1551807233,82.0,36.2,46.09,-4.24,0.79
689,itabira,0.0,BR,1551807036,55.0,-19.62,-43.23,29.81,1.89
690,college,75.0,US,1551806226,83.0,64.86,-147.8,-7.0,4.24
691,warqla,,,nan,,,,,
692,itarema,56.0,BR,1551807234,94.0,-2.92,-39.92,27.76,2.64
693,birao,0.0,CF,1551807234,25.0,10.3,22.78,29.46,3.74
694,castilho,24.0,BR,1551807234,91.0,-20.87,-51.49,27.86,3.59
695,belle fourche,1.0,US,1551807091,41.0,44.67,-103.85,-2.78,5.7
696,acapulco,5.0,MX,1551804060,66.0,16.86,-99.88,29.0,2.1
697,barabai,92.0,ID,1551807236,98.0,-2.59,115.38,23.06,1.04
698,petropavlovsk-kamchatskiy,48.0,RU,1551805200,65.0,53.05,158.65,-15.0,4.0
699,filadelfia,32.0,PY,1551807239,61.0,-22.35,-60.04,34.51,4.79
700,luohe,32.0,CN,1551807241,84.0,33.57,114.03,4.98,1.24
701,suzu,,,nan,,,,,
702,sayyan,0.0,YE,1551807241,63.0,15.17,44.32,13.33,1.74
703,praia da vitoria,40.0,PT,1551807080,71.0,38.73,-27.07,13.89,12.74
704,ustye,12.0,RU,1551807243,81.0,58.76,27.79,-5.94,9.84
705,gannan,0.0,CN,1551807243,48.0,47.92,123.49,-6.87,4.24
706,keti bandar,0.0,PK,1551807245,96.0,24.14,67.45,22.48,4.59
707,yuzhne,0.0,UA,1551805200,70.0,48.22,33.85,6.0,4.0
708,araouane,0.0,ML,1551807247,14.0,18.9,-3.53,26.61,2.24
709,annau,90.0,TM,1551805200,54.0,37.89,58.52,13.0,1.0
710,baie-comeau,1.0,CA,1551807134,37.0,49.22,-68.15,-7.22,7.2
711,ust-kuyga,20.0,RU,1551807248,0.0,70.0,135.55,-33.49,1.44
712,timizart,36.0,DZ,1551807250,49.0,36.8,4.25,15.71,0.89
713,danville,1.0,US,1551807061,43.0,36.59,-79.4,4.44,1.69
714,the valley,20.0,AI,1551806193,57.0,18.22,-63.06,28.33,8.2
715,ulaangom,8.0,MN,1551807256,62.0,49.98,92.07,-15.17,1.24
716,krasnoselkup,,,nan,,,,,
717,yarkovo,0.0,RU,1551805200,67.0,54.81,82.6,-6.0,4.0
718,akhtanizovskaya,40.0,RU,1551805200,93.0,45.32,37.1,8.0,10.0
719,sumbe,75.0,AO,1551805200,100.0,-11.2,13.84,29.0,4.1
720,asyut,0.0,EG,1551805200,47.0,27.18,31.19,15.0,6.2
721,anaconda,1.0,US,1551806160,70.0,46.13,-112.94,-19.0,1.5
722,le port,0.0,FR,1551807208,38.0,42.87,1.37,13.89,0.89
723,gazojak,36.0,TM,1551807262,73.0,41.19,61.4,4.01,3.44
724,zeya,36.0,RU,1551807263,67.0,53.74,127.27,-12.8,1.74
725,sao joao de pirabas,64.0,BR,1551807263,100.0,-0.77,-47.18,26.51,1.74
726,togur,64.0,RU,1551807263,75.0,58.36,82.83,-7.59,4.94
727,batagay-alyta,64.0,RU,1551807265,70.0,67.8,130.41,-24.44,1.24
728,kankon,0.0,IN,1551807266,100.0,15.02,74.02,26.26,4.84
729,maldonado,0.0,UY,1551805200,51.0,-34.91,-54.96,27.0,4.1
730,zhigalovo,24.0,RU,1551807266,76.0,54.81,105.15,-10.49,0.99
731,berdychiv,0.0,UA,1551807267,76.0,49.89,28.58,4.14,7.64
732,guhagar,0.0,IN,1551807267,100.0,17.48,73.19,22.11,3.29
733,lasa,20.0,CY,1551807099,71.0,34.92,32.53,15.0,2.6
734,nchelenge,32.0,ZM,1551807268,63.0,-9.35,28.74,24.91,2.24
735,chulman,0.0,RU,1551807268,59.0,56.84,124.9,-16.05,1.79
736,beian,0.0,NO,1551807184,67.0,63.66,9.57,-4.44,4.6
737,warin chamrap,40.0,TH,1551806387,54.0,15.19,104.86,32.78,1.5
738,abong mbang,64.0,CM,1551806993,81.0,3.98,13.18,22.31,0.99
739,joao pinheiro,24.0,BR,1551807271,75.0,-17.74,-46.17,28.33,0.74
740,bourail,68.0,NC,1551807271,97.0,-21.57,165.5,22.98,1.34
741,vostok,64.0,RU,1551807272,84.0,46.45,135.83,-5.27,0.94
742,challans,20.0,FR,1551807196,66.0,46.85,-1.88,12.22,5.7
743,polyarnyye zori,0.0,RU,1551807273,56.0,67.37,32.5,-16.65,2.49
744,corinto,56.0,BR,1551807273,64.0,-18.36,-44.46,29.71,1.94
745,hailar,0.0,CN,1551807274,55.0,49.2,119.7,-14.94,1.34
